Rank,Unnamed: 0,_id,index,name,Identity,User_ID,User Name,handle,Vocation,No# of Rows,Followers,Avg Retweets per Tweet,Avg Likes per Tweet,Ranking_by_followers,URL,WikiSummary,Average_Sentiment,Overall_Positive_Sentiment %,Tweet_Positivity_Rank,Current Residence,Latitude,Longitude
50,37,60eed4f6060d3647c22b4820,37,"""Real Madrid C.F.⚽""",Real Madrid,14872237,realmadrid,@realmadrid,Sports,"2,287.00","33,580,000.00",915.21,"6,843.70",44.0,https://i.ibb.co/Tcr5gJn/Mandatory-Credit-Photo-by-Joel-C-Ryan-Invision-AP-REX-Shutterstock-10112788ao-Singer-Pink-poses-for.jpg,"Real Madrid Club de Fútbol (Spanish pronunciation: [reˈal maˈðɾið ˈkluβ ðe ˈfuðβol] (listen), meaning Royal Madrid Football Club), commonly referred to as Real Madrid, is a Spanish professional football club based in Madrid.
Founded on 6 March 1902 as Madrid Football Club, the club has traditionally worn a white home kit since inception. The honorific title real is Spanish for ""royal"" and was bestowed to the club by King Alfonso XIII in 1920 together with the royal crown in the emblem.",0.03230016313213703,0.5161500815660686,50,"Madrid, Spain",40.4165,-3.7026
49,33,60eed4f6060d3647c22b481c,33,"""Neymar Jr""",Neymar Jr,158487331,neymarjr,@neymarjr,Sports,"1,754.00","45,300,000.00","3,827.56","21,574.93",20.0,https://i.ibb.co/1QdcVw8/New-York-Times.png,"Neymar da Silva Santos Júnior (born 5 February 1992), known as Neymar, is a Brazilian professional footballer who plays as a forward for Ligue 1 club Paris Saint-Germain and the Brazil national team. He is widely regarded as one of the best players in the world.Neymar came into prominence at Santos, where he made his professional debut aged 17. He helped the club win two successive Campeonato Paulista championships, a Copa do Brasil, and the 2011 Copa Libertadores; the latter being Santos' first since 1963.",0.06164164803577132,0.5308208240178857,49,"Bougival, Île-de-France, France",48.8643,2.1378
48,4,60eed4f6060d3647c22b47ff,4,"""BBC Breaking News""",BBC,5402612,bbcbreaking,@bbcbreaking,News/Media,76,"41,400,000.00",941.61,"1,785.26",29.0,https://i.ibb.co/ZhS58TG/BBC.jpg,"This list contains the top 50 accounts with the most followers on the social media platform Twitter. Barack Obama, Justin Bieber, Katy Perry and Rihanna top the list, with over 100 million followers each.


== Top 50 accounts ==
The following table lists the top 50 most followed accounts on Twitter, with each total rounded to the nearest million followers, as well as the profession or activity of each user.",0.12457798784604997,0.562288993923025,48,"London, England, United Kingdom",51.5073,-0.1276
47,39,60eed4f6060d3647c22b4822,39,"""Salman Khan""",Salman Khan,132385468,beingsalmankhan,@beingsalmankhan,Entertainment,505,"38,990,000.00","3,718.87","21,410.55",33.0,https://i.ibb.co/9Nprxhr/Rihanna.jpg,"Abdul Rashid Salim Salman Khan (Hindi: [səlˈmaːn xaːn]; 27 December 1965) is an Indian actor, film producer, singer, painter and television personality who works in Hindi films. In a film career spanning over thirty years, Khan has received numerous awards, including two National Film Awards as a film producer, and two Filmfare Awards for acting. He is cited in the media as one of the most commercially successful actors of Indian cinema.",0.12923661704149508,0.5646183085207476,47,"Mumbai, India",19.0144,72.8479
46,46,60eed4f6060d3647c22b4829,46,"""Twitter""",Twitter,783214,twitter,@twitter,News/Media,41,"57,470,000.00","20,707.38","87,177.01",14.0,https://i.ibb.co/Tr1KqYJ/Twitter.png,"Twitter is an American microblogging and social networking service on which users post and interact with messages known as ""tweets"". Registered users can post, like, and retweet tweets, but unregistered users can only read them. Users access Twitter through its website interface or its mobile-device application software (""app""), though the service could also be accessed via SMS before April 2020.",0.15613026819923373,0.5780651340996169,46,"San Francisco, California, USA",1.1749,-76.8789
45,9,60eed4f6060d3647c22b4804,9,"""CNN Breaking News""",CNN Breaking,428333,cnnbrk,@cnnbrk,News/Media,2,"56,380,000.00",268.71,739.48,15.0,https://i.ibb.co/82sbrWx/CNNBreaking.jpg,"Jason William Mizell (January 21, 1965 – October 30, 2002), better known by his stage name Jam Master Jay, was an American musician and DJ. He was the DJ of the influential hip hop group Run-D.M.C. During the 1980s, Run-D.M.C. became one of the biggest hip hop groups and are credited with breaking hip hop into mainstream music.


== Early life ==
Jason Mizell was born in Brooklyn, New York City, the son of Jesse Mizell and Connie Thompson Mizell (later Connie Mizell-Perry) whose other children are Marvin L. Thompson and Bonita Jones.At age 3, Jason began playing trumpet. He learned to play bass, guitar, and drums.",0.168530947054437,0.5842654735272185,45,"Atlanta, Georgia, USA",33.7491,-84.3902
44,30,60eed4f6060d3647c22b4819,30,"""Miley Ray Cyrus""",Miley Cyrus,268414482,mileycyrus,@mileycyrus,Music,"1,009.00","44,790,000.00","6,238.22","43,282.72",23.0,https://i.ibb.co/nRzBftX/Miley-Cyrus.jpg,"Miley Ray Cyrus ( MY-lee; born Destiny Hope Cyrus, November 23, 1992) is an American singer, songwriter, and actress. Noted for her distinctive raspy voice, her music incorporates elements of varied styles and genres, including pop, country pop, hip hop, experimental, and rock. Cyrus has attained the most US Billboard 200 top-five albums in the 21st century by a female artist, with a total of thirteen entries.",0.18067226890756302,0.5903361344537815,44,"Franklin, Williamson County, Tennessee, USA",35.9252,-86.8689
43,43,60eed4f6060d3647c22b4826,43,"""SportsCenter""",Sports Center,26257166,sportscenter,@sportscenter,News/Media,222,"36,120,000.00","2,164.27","14,275.21",35.0,https://i.ibb.co/XX71krF/Sha-Rukh-Khan.jpg,"SportsCenter (SC) is a daily sports news television program that serves as the flagship program and brand of American cable and satellite television network ESPN. The show covers various sports teams and athletes from around the world and often shows highlights of sports from the day. Originally broadcast only once per day, SportsCenter now has up to twelve airings each day, excluding overnight repeats. The show often covers the major sports in the U.S. including basketball, hockey, football, and baseball.",0.20084745762711864,0.6004237288135593,43,"Los Angeles, California, USA",34.0549,-118.2445
42,7,60eed4f6060d3647c22b4802,7,"""Bruno Mars""",Bruno Mars,100220864,brunomars,@brunomars,Music,271,"43,270,000.00","3,488.32","8,712.06",27.0,https://i.ibb.co/rwKTHcS/Bruno-Mars.jpg,"Peter Gene Hernandez (born October 8, 1985), known professionally as Bruno Mars, is an American singer, songwriter, record producer, musician, and dancer. He is known for his stage performances, retro showmanship, and for performing in a wide range of musical styles, including pop, R&B, funk, soul, reggae, hip hop, disco and rock. Mars is accompanied by his band, the Hooligans, who play a variety of instruments, such as electric guitar, bass, piano, keyboards, drums, and horns, and also serve as backup singers and dancers.",0.21035828307910606,0.605179141539553,42,"Los Angeles, California, USA",34.0549,-118.2445
41,1,60eed4f6060d3647c22b47fc,1,"""Amitabh Bachchan""",Amitabh Bachchan,145125358,srbachchan,@srbachchan,Entertainment,424,"39,850,000.00",993.38,"12,547.94",30.0,https://i.ibb.co/X8t3fQF/Amitabh-Banchan.jpg,"Amitabh Bachchan (pronounced [əmɪˈtaːbʱ ˈbətʃːən]; born Inquilaab Srivastava; 11 October 1942) is an Indian film actor, film producer, television host, occasional playback singer and former politician. He is regarded as one of the most influential actors in the history of Indian cinema.  During the 1970s–1980s, he was the most dominant actor in the Indian movie scene; the French director François Truffaut called him a ""one-man industry"".Bachchan was born in 1942 in Allahabad to the Hindi poet Harivansh Rai Bachchan and his wife, the social activist Teji Bachchan.",0.21293706293706294,0.6064685314685314,41,"Juhu, Mumbai, India",19.087,73.0015
40,38,60eed4f6060d3647c22b4821,38,"""Rihanna""",Rihanna,79293791,rihanna,@rihanna,Music,833,"95,570,000.00","6,906.54","22,786.03",3.0,https://i.ibb.co/s63tZ2m/Real-Madrid.png,"Robyn Rihanna Fenty (born February 20, 1988), known mononymously as Rihanna ( ree-AN-ə;), is a Barbadian singer, actress, fashion designer, and businesswoman. Born in Saint Michael and raised in Bridgetown, Barbados, Rihanna was discovered by American record producer Evan Rogers who invited her to the United States to record demo tapes. After signing with Def Jam in 2005, she soon gained recognition with the release of her first two studio albums, Music of the Sun (2005) and A Girl like Me (2006), both of which were influenced by Caribbean music and peaked within the top ten of the US Billboard 200 chart.",0.22173024523160764,0.6108651226158038,40,"Beverly Hills, Los Angeles, California, USA",34.0736,-118.4004
39,48,60eed4f6060d3647c22b482b,48,"""Wiz Khalifa""",Wiz Khalifa,20322929,wizkhalifa,@wizkhalifa,Music,413,"35,710,000.00","3,794.88","14,440.25",38.0,https://i.ibb.co/XzHtYYF/Wiz-Khalifa.jpg,"Cameron Jibril Thomaz (born September 8, 1987), better known by his stage name Wiz Khalifa, is an American rapper, singer, and songwriter. He released his debut album, Show and Prove in 2006, and signed to Warner Bros. Records in 2007.",0.23554603854389722,0.6177730192719486,39,"Pittsburgh, Pennsylvania, USA",40.4417,-79.9901
38,28,60eed4f6060d3647c22b4817,28,"""Lil Wayne WEEZY F""",Lil Wayne,116362700,liltunechi,@liltunechi,Music,181,"34,610,000.00","3,405.14","5,155.89",41.0,https://i.ibb.co/CwtrY9f/LilWayne.png,"Dedication 4 is a mixtape by Lil Wayne, hosted by DJ Drama. The mixtape was originally supposed to be released on August 15, 2012, but got delayed several times and was released on September 3, 2012. It is the fourth installment of Lil Wayne's Dedication series, following its predecessors The Dedication, Dedication 2 and Dedication 3.",0.24987251402345742,0.6249362570117287,38,"Miami Beach, Florida, USA",45.4514,-84.5564
37,42,60eed4f6060d3647c22b4825,42,"""Shakira""",Shakira,44409004,shakira,@shakira,Music,"1,037.00","51,730,000.00",941.87,"6,383.15",18.0,https://i.ibb.co/k86RC96/Shakira.png,"Shakira Isabel Mebarak Ripoll ( shə-KEER-ə, Spanish: [(t)ʃaˈkiɾa]; born 2 February 1977) is a Colombian singer and songwriter. Born and raised in Barranquilla, Shakira has been referred to as the Queen of Latin Music and is noted for her versatility in music. She made her recording debut under Sony Music Colombia at the age of 13.",0.25314748201438847,0.6265737410071942,37,"Miami Beach, Florida, USA",45.4514,-84.5564
36,17,60eed4f6060d3647c22b480c,17,"""Instagram""",Instagram,180505807,instagram,@instagram,News/Media,370,"36,080,000.00",224.49,"1,107.31",37.0,https://i.ibb.co/sjG9p6j/Instagram.jpg,"Instagram (commonly abbreviated to IG, Insta or the gram) is an American photo and video sharing social networking service created by Kevin Systrom and Mike Krieger. In April 2012, Facebook acquired the service for approximately US$1 billion in cash and stock. The app allows users to upload media that can be edited with filters and organized by hashtags and geographical tagging.",0.25424881033310676,0.6271244051665534,36,"Menlo Park, California, USA",37.4538,-122.1822
35,15,60eed4f6060d3647c22b480a,15,"""FC Barcelona""",FC Barcelona,96951800,fcbarcelona,@fcbarcelona,Sports,543,"31,790,000.00",792.91,"8,414.43",47.0,https://i.ibb.co/0G4QHm9/FCBarcelona.png,"Futbol Club Barcelona (Catalan pronunciation: [fubˈbɔl ˈklub bəɾsəˈlonə] (listen)), commonly referred to as Barcelona and colloquially known as Barça ([ˈbaɾsə]), is a Spanish professional football club based in Barcelona, that competes in La Liga, the top flight of Spanish football.
Founded in 1899 by a group of Swiss, Spanish, and English footballers led by Joan Gamper, the club has become a symbol of Catalan culture and Catalanism, hence the motto ""Més que un club"" (""More than a club""). Unlike many other football clubs, the supporters own and operate Barcelona.",0.26618705035971224,0.6330935251798562,35,"Barcelona, Spain",41.3888,2.159
34,14,60eed4f6060d3647c22b4809,14,"""ESPN""",ESPN,2557521,espn,@espn,News/Media,165,"34,730,000.00","1,583.86","11,272.79",40.0,https://i.ibb.co/0V5KyY3/ESPN.jpg,"ESPN (originally an initialism for Entertainment and Sports Programming Network) is an American multinational basic cable sports channel owned by ESPN Inc., owned jointly by The Walt Disney Company (80%) and Hearst Communications (20%). The company was founded in 1979 by Bill Rasmussen along with his son Scott Rasmussen and Ed Egan.
ESPN broadcasts primarily from studio facilities located in Bristol, Connecticut.",0.26687388987566607,0.633436944937833,34,"Bristol, Hartford County, Connecticut, USA",51.4538,-2.5973
33,18,60eed4f6060d3647c22b480d,18,"""Jennifer Lopez""",J Lo,85603854,jlo,@jlo,Music,"1,260.00","44,310,000.00",337.87,"3,179.47",26.0,https://i.ibb.co/PcDdyJq/THE-TONIGHT-SHOW-STARRING-JIMMY-FALLON-Season-1-Pictured-Jimmy-Fallon-Photo-by-James-White-NBC.jpg,"Jennifer Lynn Lopez (born July 24, 1969), also known by her nickname J.Lo, is an American singer, actress, and dancer. In 1991, Lopez began appearing as a Fly Girl dancer on In Living Color, where she remained a regular until she decided to pursue an acting career in 1993. For her first leading role in the 1997 Selena biopic of the same name, Lopez became the first Latin actress to earn over US$1 million for a film.",0.2741039878849066,0.6370519939424533,33,"Malibu, California, USA",16.7658,-93.1552
32,2,60eed4f6060d3647c22b47fd,2,"""Ariana Grande""",Ariana Grande,34507480,arianagrande,@arianagrande,Entertainment,72,"69,520,000.00","9,971.47","87,566.01",10.0,https://i.ibb.co/5GkSnwT/Ariana-Grande.jpg,"Ariana Grande-Butera  (; born June 26, 1993) is an American singer and actress. She has received numerous accolades throughout her career, including two Grammy Awards, one Brit Award, two Billboard Music Awards, three American Music Awards, nine MTV Video Music Awards, and 22 Guinness World Records.
Born in Boca Raton, Florida, Grande began her career at age 15 in the 2008 Broadway musical 13.",0.27892234548335976,0.6394611727416799,32,"Deerfield Beach, Florida, USA",26.3183,-80.0996
31,22,60eed4f6060d3647c22b4811,22,"""Katy Perry""",Katy Perry,21447363,katyperry,@katyperry,Music,894, - , - , - ,,https://i.ibb.co/ydY1wMt/Katy-Perry.jpg,"Katheryn Elizabeth Hudson (born October 25, 1984), known professionally as Katy Perry, is an American singer, songwriter, and television judge. After singing in church during her childhood, she pursued a career in gospel music as a teenager. Perry signed with Red Hill Records and released her debut studio album Katy Hudson under her birth name in 2001, which was commercially unsuccessful.",0.28426738690074277,0.6421336934503714,31,"Los Angeles, California, USA",34.0549,-118.2445
30,45,60eed4f6060d3647c22b4828,45,"""The New York Times""",NY Times,807095,nytimes,@nytimes,News/Media,40,"44,960,000.00",241.97,685.79,21.0,https://i.ibb.co/4VvVSx1/arrives-at-the-The-58th-GRAMMY-Awards-at-Staples-Center-on-February-15-2016-in-Los-Angeles-City.jpg,"The New York Times (N.Y.T. or N.Y. Times) is an American daily newspaper based in New York City with a worldwide readership. Founded in 1851, the Times has since won 130 Pulitzer Prizes (the most of any newspaper), and has long been regarded within the industry as a national ""newspaper of record"". It is ranked 18th in the world by circulation and 3rd in the U.S.The paper is owned by The New York Times Company, which is publicly traded.",0.2864656381486676,0.6432328190743338,30,"New York, New York, USA",40.7306,-73.9866
29,12,60eed4f6060d3647c22b4807,12,"""Drizzy""",Drake,27195114,drake,@drake,Music,94,"38,850,000.00","8,123.56","7,222.63",34.0,https://i.ibb.co/9v2gkn9/Drake.jpg,"Aubrey Drake Graham (born October 24, 1986) is a Canadian rapper, singer, songwriter, actor, producer, and entrepreneur. Gaining recognition by starring in the television series Degrassi: The Next Generation (2001–2007), Drake released his debut mixtape Room for Improvement in 2006; pursing a career in music, he released the mixtapes Comeback Season (2007) and So Far Gone (2009) before signing with Young Money Entertainment.Drake released his debut studio album Thank Me Later in 2010, which debuted at number one on the US Billboard 200. He achieved major critical success with Take Care (2011), and commercial success with Nothing Was the Same (2013) and his first commercial mixtape If You're Reading This It's Too Late (2015); the later two were certified multi-platinum in the US. Drake's fourth album Views (2016) sat atop the Billboard 200 for 13 nonconsecutive weeks, becoming the first album by a male solo artist to do so in over a decade.",0.28707782672540383,0.6435389133627019,29,"Toronto, Canada",43.7001,-79.4163
28,44,60eed4f6060d3647c22b4827,44,"""Taylor Swift""",Taylor Swift,17919972,taylorswift13,@taylorswift13,Music,59,"85,850,000.00","20,207.52","112,182.44",4.0,https://i.ibb.co/RTjvT1Y/Sport-Center.png,"Taylor Alison Swift (born December 13, 1989) is an American singer-songwriter. Her narrative songwriting, which often takes inspiration from her personal experiences, has received widespread media coverage and critical praise.
Born in West Reading, Pennsylvania and based in Nashville, Tennessee, Swift signed with Sony/ATV Tree Publishing in 2004 to become a songwriter and with Big Machine Records in 2005 to become a country singer.",0.2972222222222222,0.6486111111111111,28,"Beverly Hills, Los Angeles, California, USA",34.0736,-118.4004
27,49,60eed4f6060d3647c22b482c,49,"""YouTube""",Youtube,10228272,youtube,@youtube,News/Media,574,"72,230,000.00","1,676.08","6,552.77",8.0,https://i.ibb.co/8zJnX54/Youtube.png,"YouTube is an American online video sharing and social media platform launched by Steve Chen, Chad Hurley, and Jawed Karim in February 2005. Its users watch more than one billion hours of videos each day. YouTube content creators, popularly referred to as YouTubers, upload over 500 hours of content per minute.In October 2006, YouTube was bought by Google for $1.65 billion.",0.3125246937969182,0.6562623468984591,27,"San Bruno, California, USA",37.6305,-122.4111
26,20,60eed4f6060d3647c22b480f,20,"""Justin Bieber""",Justin Bieber,27260086,justinbieber,@justinbieber,Music,955,"108,340,000.00","40,510.89","78,759.13",2.0,https://i.ibb.co/W2sFJnY/27-January-2020-Westwood-California-Justin-Bieber-Hailey-Bieber-The-Premiere-Of-You-Tube-Originals-J.jpg,"Justin Drew Bieber (; born March 1, 1994) is a Canadian singer. He was discovered by American record executive Scooter Braun and signed with RBMG Records in 2008, gaining recognition with the release of his debut seven-track EP My World (2009) and soon establishing himself as a teen idol. Often referred to as the ""Prince of Pop"", his versatile cross-genre approach towards music and showmanship have received critical acclaim and recognition.He achieved commercial success with his debut studio album, My World 2.0 (2010), which debuted atop the Billboard 200, making him the youngest solo male act to top the chart in 47 years.",0.3172939494997618,0.6586469747498809,26,"California, USA",38.3004,-76.5074
25,8,60eed4f6060d3647c22b4803,8,"""CNN""",CNN,759251,cnn,@cnn,News/Media,19,"44,490,000.00",203.66,746.95,24.0,https://i.ibb.co/dWjrb1R/CNN.png,"The Cable News Network (CNN) is a multinational news-based pay television channel headquartered in Atlanta, United States. It is owned by CNN Worldwide, a unit of the WarnerMedia News & Sports division of AT&T's WarnerMedia. It was founded in 1980 by American media proprietor Ted Turner and Reese Schonfeld as a 24-hour cable news channel.",0.33493743984600577,0.6674687199230029,25,"Atlanta, Georgia, USA",33.7491,-84.3902
24,11,60eed4f6060d3647c22b4806,11,"""Donald J. Trump""",Donald Trump,25073877,realdonaldtrump,@realdonaldtrump,Politics,270,"71,440,000.00","18,761.75","78,174.65",9.0,https://i.ibb.co/xSb29Gh/Donald-Trump.jpg,"Donald John Trump (born June 14, 1946) is an American media personality and businessman who served as the 45th president of the United States from 2017 to 2021.
Born and raised in Queens, New York City, Trump attended Fordham University and the University of Pennsylvania, graduating with a bachelor's degree in 1968. He became the president of his father Fred Trump's real estate business in 1971 and renamed it The Trump Organization.",0.33752357008170963,0.6687617850408548,24,"New York, New York, USA",40.7306,-73.9866
23,0,60eed4f6060d3647c22b47fb,0,"""Akshay Kumar""",Akshay Kumar,31348594,akshaykumar,@akshaykumar,Entertainment,"1,926.00","33,610,000.00","1,194.80","12,589.33",43.0,https://i.ibb.co/3R0FZ18/Akshay-Kumar.jpg,"Rajiv Hari Om Bhatia (born 9 September 1967), known professionally as Akshay Kumar (pronounced [əkˈʂeː kʊˈmaːr]), is an Indian-born naturalised Canadian actor, producer, martial artist and television personality who works in Bollywood, the commercial Hindi language film industry based chiefly in Mumbai, India. Over 29 years, Kumar has appeared in over 100 films and has won several awards, including a National Film Award for Best Actor and two Filmfare Awards. Kumar is one of the most successful prolific actors of Hindi cinema.",0.35714285714285715,0.6785714285714286,23,"Mumbai, India",19.0144,72.8479
22,21,60eed4f6060d3647c22b4810,21,"""Justin Timberlake""",Justin Timberlake,26565946,jtimberlake,@jtimberlake,Entertainment,"1,050.00","64,990,000.00","1,725.11","5,544.13",11.0,https://i.ibb.co/2WBq20j/Justin-Timberlake.jpg,"Justin Randall Timberlake (born January 31, 1981) is an American singer, songwriter, record producer, and actor. A best-selling music artist, Timberlake has sold over 32 million albums and 56 million singles. He is the recipient of numerous awards and accolades, including ten Grammy Awards, four Emmy Awards, three Brit Awards, nine Billboard Music Awards, the Contemporary Icon Award by the Songwriters Hall of Fame, and the Michael Jackson Video Vanguard Award.",0.35894258570838494,0.6794712928541925,22,"Los Angeles, California, USA",34.0549,-118.2445
21,19,60eed4f6060d3647c22b480e,19,"""jimmy fallon""",Jimmy Fallon,15485441,jimmyfallon,@jimmyfallon,Entertainment,"1,430.00","51,630,000.00",895.87,"4,856.98",19.0,https://i.ibb.co/bm9Ny0b/JLo.jpg,"James Thomas Fallon (born September 19, 1974) is an American comedian, actor, television host, singer, writer, and producer. He is known for his work in television as a cast member on Saturday Night Live and as the host of late-night talk show The Tonight Show Starring Jimmy Fallon and before that Late Night with Jimmy Fallon.
Fallon grew up with an interest in comedy and music, moving to Los Angeles at 21 to pursue opportunities in stand-up comedy.",0.35939236754353465,0.6796961837717673,21,"Sagaponack, New York, USA",40.9254,-72.2781
20,23,60eed4f6060d3647c22b4812,23,"""Kevin Hart""",Kevin Hart,23151437,kevinhart4real,@kevinhart4real,Entertainment,906,"36,100,000.00",237.77,"1,995.51",36.0,https://i.ibb.co/6X9vQsR/Kevin-Hart.jpg,"Kevin Darnell Hart (born July 6, 1979) is an American stand-up comedian, actor, and producer. Born and raised in Philadelphia, Pennsylvania, Hart began his career by winning several amateur comedy competitions at clubs throughout New England, culminating in his first real break in 2001 when he was cast by Judd Apatow for a recurring role on the TV series Undeclared. The series lasted only one season, but he soon landed other roles in films such as Paper Soldiers (2002), Scary Movie 3 (2003), Soul Plane (2004), In the Mix (2005), and Little Fockers (2010).",0.36182336182336183,0.6809116809116809,20,"Calabasas, California,  USA",34.1447,-118.6441
19,16,60eed4f6060d3647c22b480b,16,"""Harry Styles.""",Harry Styles,181561712,harry_styles,@harry_styles,Music,88,"33,990,000.00","62,442.15","104,197.62",42.0,https://i.ibb.co/RHrmBRY/Mandatory-Credit-Photo-by-David-Fisher-Shutterstock-10558798nm-Harry-Styles40th-Brit-Awards-Arrivals.jpg,"Harry Edward Styles (born 1 February 1994) is an English singer, songwriter, and actor. His musical career began in 2010 as a solo contestant on the British music competition series The X Factor. Following his elimination early on, he was brought back to join the boy band One Direction, which went on to become one of the best-selling boy bands of all time.",0.36282883498462587,0.6814144174923129,19,"Holmes Chapel, Cheshire, England",53.2001,-2.3591
18,40,60eed4f6060d3647c22b4823,40,"""Selena Gomez""",Selena Gomez,23375688,selenagomez,@selenagomez,Music,477,"59,630,000.00","8,916.56","16,979.81",13.0,https://i.ibb.co/YtNhLJ8/Salaman-Khan.jpg,"Selena Marie Gomez ( sə-LEE-nə GOH-mez; born July 22, 1992) is an American singer and actress. Born and raised in Texas, Gomez began her career by appearing on the children's television series Barney & Friends (2002–2004). In her teens, she rose to prominence for her role as Alex Russo in the Disney Channel television series Wizards of Waverly Place (2007–2012).",0.36322138897945877,0.6816106944897293,18,"Grand Prairie, Texas, USA",32.746,-96.9978
17,3,60eed4f6060d3647c22b47fe,3,"""Barack Obama""",Barack Obama,813286,barackobama,@barackobama,Politics,209,"112,290,000.00","8,111.01","38,724.10",1.0,https://i.ibb.co/wW2cdrF/Barack-Obama.jpg,"Barack Hussein Obama II ( (listen) bə-RAHK hoo-SAYN oh-BAH-mə; born August 4, 1961) is an American politician and attorney who served as the 44th president of the United States from 2009 to 2017. A member of the Democratic Party, Obama was the first African-American  president of the United States. He previously served as a U.S. senator from Illinois from 2005 to 2008 and as an Illinois state senator from 1997 to 2004.",0.3788623595505618,0.6894311797752809,17,"Hyde Park, Chicago, Illinois, USA",41.7848,-73.9332
16,34,60eed4f6060d3647c22b481d,34,"""Niall Horan""",Niall Horan,105119490,niallofficial,@niallofficial,Music,619,"39,480,000.00","14,521.76","59,682.04",32.0,https://i.ibb.co/QJBsjms/NeymarJr.png,"Niall James Horan  (; born 13 September 1993) is an Irish singer and songwriter. He rose to prominence as a member of the boy band One Direction, formed in 2010 on the British singing competition The X Factor. The group released five albums and went on to become one of the best-selling boy bands of all time.",0.38036020583190394,0.690180102915952,16,"Los Angeles, California, USA",34.0549,-118.2445
15,24,60eed4f6060d3647c22b4813,24,"""Kim Kardashian West""",Kim Kardashian,25365536,kimkardashian,@kimkardashian,Entertainment,610,"63,170,000.00","2,478.88","31,201.43",12.0,https://i.ibb.co/hmkt5gh/Kim-Kardashian.jpg,"Kimberly Noel Kardashian West (born October 21, 1980) is an American media personality, socialite, model, businesswoman, producer, and actress. Kardashian first gained media attention as a friend and stylist of Paris Hilton but received wider notice after a 2002 sex tape, Kim Kardashian, Superstar, with her then-boyfriend Ray J was released in 2007. Later that year, she and her family began to appear in the E!",0.3816091954022989,0.6908045977011494,15,"Hidden Hills, California, USA",34.1641,-118.6578
14,26,60eed4f6060d3647c22b4815,26,"""LeBron James""",Le Bron James,23083404,kingjames,@kingjames,Sports,836,"44,450,000.00","5,042.04","21,254.01",25.0,https://i.ibb.co/VQ2Kjjs/Lebron-James.jpg,"LeBron Raymone James Sr. (; born December 30, 1984) is an American professional basketball player for the Los Angeles Lakers of the National Basketball Association (NBA). Widely considered one of the best players in history, James is frequently compared to Michael Jordan in debates over the greatest basketball player ever.The only player to have won NBA championships with three franchises (the Cleveland Cavaliers, the Miami Heat, and the Lakers) as NBA Finals MVP, James has competed in ten NBA Finals, eight of them consecutively with the Heat and the Cavaliers from 2011–2018.",0.3953118792212952,0.6976559396106476,14,"Beverly Hills, Los Angeles, California, USA",34.0736,-118.4004
13,31,60eed4f6060d3647c22b481a,31,"""Narendra Modi""",Narendra Modi,18839785,narendramodi,@narendramodi,Politics,205,"52,720,000.00","4,823.42","26,886.07",17.0,https://i.ibb.co/KmH5RYf/Narendra-Modi.jpg,Narendra Damodardas Modi (Gujarati: [ˈnəɾendɾə dɑmodəɾˈdɑs ˈmodiː] (listen); born 17 September 1950) is an Indian politician serving as the 14th and current prime minister of India since 2014. He was the chief minister of Gujarat from 2001 to 2014 and is the Member of Parliament for Varanasi. Modi is a member of the Bharatiya Janata Party (BJP) and its National Democratic Alliance (NDA).,0.3970779220779221,0.6985389610389611,13,"7, Lok Kalyan Marg, New Delhi, India",-16.3676,-71.5075
12,6,60eed4f6060d3647c22b4801,6,"""Britney Spears""",Britney Spears,16409683,britneyspears,@britneyspears,Music,938,"56,220,000.00","2,305.65","7,712.30",16.0,https://i.ibb.co/vBSkvqq/Britney-Spears.jpg,"Britney Jean Spears (born December 2, 1981) is an American singer, songwriter, dancer, and actress. She is credited with influencing the revival of teen pop during the late 1990s and early 2000s, for which she is referred to as the ""Princess of Pop"". After appearing in stage productions and television series, Spears signed with Jive Records in 1997 at age 15.",0.3979769794209976,0.6989884897104988,12,"Thousand Oaks, California, USA",34.1706,-118.8376
11,25,60eed4f6060d3647c22b4814,25,"""Lady Gaga""",Lady Gaga,14230524,ladygaga,@ladygaga,Music,596,"80,710,000.00","6,641.75","23,826.29",6.0,https://i.ibb.co/7nT076P/LadyGaga.png,"Stefani Joanne Angelina Germanotta ( STEF-ən-ee JUR-mə-NOT-ə; born March 28, 1986), known professionally as Lady Gaga, is an American singer, songwriter, and actress. She is known for her image reinventions and musical versatility. Gaga began performing as a teenager, singing at open mic nights and acting in school plays.",0.4027777777777778,0.7013888888888888,11,"Malibu, California, USA",16.7658,-93.1552
10,29,60eed4f6060d3647c22b4818,29,"""Louis Tomlinson""",Louis Tomlinson,84279963,louis_tomlinson,@louis_tomlinson,Music,177, - , - , - ,,https://i.ibb.co/BrRDxMW/Louis-Tomlinson.jpg,Louis William Tomlinson (; born Louis Troy Austin; 24 December 1991) is an English singer and songwriter. He rose to fame as a member of the boy band One Direction. He began his career appearing in television dramas before he auditioned on the British music competition series The X Factor In 2010.,0.40645805592543277,0.7032290279627164,10,"Doncaster, South Yorkshire, England, United Kingdom",53.5228,-1.1335
9,27,60eed4f6060d3647c22b4816,27,"""Liam""",Liam Payne,158314798,liampayne,@liampayne,Music,712, - , - , - ,,https://i.ibb.co/rfVtgsv/Liam-Payne.jpg,"William John Neeson  (born 7 June 1952) is a Northern Irish actor who holds Irish, British, and American citizenship. He has been nominated for several awards, including an Academy Award for Best Actor, a BAFTA Award for Best Actor in a Leading Role, and three Golden Globe Awards for Best Actor in a Motion Picture Drama.
In 1976, Neeson joined the Lyric Players' Theatre in Belfast for two years.",0.40977581771407573,0.7048879088570379,9,"Brookwood, Surrey, England, United Kingdom ",33.2557,-87.3208
8,10,60eed4f6060d3647c22b4805,10,"""Cristiano Ronaldo""",Cristiano Ronaldo,155659213,cristiano,@cristiano,Sports,451,"83,110,000.00","6,824.88","39,274.85",5.0,https://i.ibb.co/xf0QThd/Cristiano-Ronaldo.jpg,"Cristiano Ronaldo dos Santos Aveiro GOIH ComM (Portuguese pronunciation: [kɾiʃˈtjɐnu ʁɔˈnaɫdu]; born 5 February 1985) is a Portuguese professional footballer who plays as a forward for Serie A club Juventus and captains the Portugal national team. Often considered the best player in the world and  widely regarded as one of the greatest players of all time, Ronaldo has won five Ballons d'Or and four European Golden Shoes, both of which are records for a European player. He has won 32 major trophies in his career, including seven league titles, five UEFA Champions Leagues, one UEFA European Championship, and one UEFA Nations League title.",0.41573792637622425,0.7078689631881121,8,"Madrid, Spain",40.4165,-3.7026
7,36,60eed4f6060d3647c22b481f,36,"""P!nk""",Pink,28706024,pink,@pink,Music,383,"32,200,000.00",881.69,"6,346.64",46.0,https://i.ibb.co/n71j0mx/Oprah.jpg,"Alecia Beth Moore (born September 8, 1979), known professionally as Pink (stylized as P!nk), is an American singer and songwriter. She was originally a member of the girl group Choice. In 1995, LaFace Records saw potential in Pink and offered her a solo recording contract.",0.4306569343065693,0.7153284671532847,7,"Santa Barbara, California, USA",34.4221,-119.7027
6,5,60eed4f6060d3647c22b4800,5,"""Bill Gates""",Bill Gates,50393960,billgates,@billgates,Technology,320,"44,800,000.00","1,172.94","3,330.63",22.0,https://i.ibb.co/t86QGgk/Bill-Gates.jpg,"William Henry Gates III  (born October 28, 1955) is an American business magnate, software developer, investor, author, and philanthropist. He is a co-founder of Microsoft Corporation, along with his late childhood friend Paul Allen. During his career at Microsoft, Gates held the positions of chairman, chief executive officer (CEO), president and chief software architect, while also being the largest individual shareholder until May 2014.",0.43714759535655057,0.7185737976782753,6,"Medina, King County, Washington, USA",24.4715,39.612
5,35,60eed4f6060d3647c22b481e,35,"""Oprah Winfrey""",Oprah Winfrey,19397785,oprah,@oprah,Entertainment,"1,413.00","42,800,000.00",667.57,"3,274.89",28.0,https://i.ibb.co/BjwvqK5/Nial-Horan.jpg,"Oprah Gail Winfrey (born  Orpah Gail Winfrey; January 29, 1954) is an American talk show host, television producer, actress, author, and philanthropist. She is best known for her talk show, The Oprah Winfrey Show, broadcast from Chicago, which was the highest-rated television program of its kind in history and ran in national syndication for 25 years, from 1986 to 2011. Dubbed the ""Queen of All Media,” she was the richest African American of the 20th century and North America's first black multi-billionaire, and she has been ranked the greatest Black philanthropist in American history.",0.4406294706723891,0.7203147353361945,5,"Montecito, California, USA",34.4367,-119.6321
4,13,60eed4f6060d3647c22b4808,13,"""Ellen DeGeneres""",The Ellen Show,15846407,theellenshow,@theellenshow,Entertainment,725,"79,350,000.00",794.05,"6,969.19",7.0,https://i.ibb.co/jH4pWsg/Ellen.jpg,"Ellen Lee DeGeneres ( də-JEN-ər-əs; born January 26, 1958) is an American comedian, television host, actress, writer, and producer. She starred in the sitcom Ellen from 1994 to 1998 and has hosted her syndicated television talk show, The Ellen DeGeneres Show, since 2003.
Her stand-up career started in the early 1980s and included a 1986 appearance on The Tonight Show Starring Johnny Carson.",0.44174454828660437,0.7208722741433022,4,"Beverly Hills, California, USA",34.0736,-118.4004
3,41,60eed4f6060d3647c22b4824,41,"""Shah Rukh Khan""",Shah Rukh Khan,101311381,iamsrk,@iamsrk,Entertainment,217,"39,720,000.00","2,400.35","13,556.86",31.0,https://i.ibb.co/0qc6vV9/Selena-Gomez.jpg,"Shah Rukh Khan (pronounced [ˈʃaːɦrʊx xaːn]; born 2 November 1965), also known by the initialism SRK, is an Indian actor, film producer, and television personality who works in Hindi films. He is referred to in the media as the ""Baadshah of Bollywood"" (in reference to his 1999 film Baadshah), ""King of Bollywood"" and ""King Khan"", he has appeared in more than 80 films, and earned numerous accolades, including 14 Filmfare Awards. The Government of India has awarded him the Padma Shri, and the Government of France has awarded him the Ordre des Arts et des Lettres and the Legion of Honour.",0.4595283620140217,0.7297641810070108,3,"Mumbai, India",19.0144,72.8479
2,32,60eed4f6060d3647c22b481b,32,"""NASA""",NASA,11348282,nasa,@nasa,Technology,"1,548.00","34,820,000.00",904.14,"4,253.51",39.0,https://i.ibb.co/cy0cgjT/NASA.jpg,"The National Aeronautics and Space Administration (NASA ) is an independent agency of the U.S. federal government responsible for the civilian space program, as well as aeronautics and space research.NASA was established in 1958, succeeding the National Advisory Committee for Aeronautics (NACA). The new agency was to have a distinctly civilian orientation, encouraging peaceful applications in space science. Since its establishment, most US space exploration efforts have been led by NASA, including the Apollo Moon landing missions, the Skylab space station, and later the Space Shuttle.",0.5076164874551972,0.7538082437275986,2,"Washington DC, USA",38.8951,-77.0364
1,47,60eed4f6060d3647c22b482a,47,"""Virat Kohli""",Virat Kohli,71201743,imvkohli,@imvkohli,Sports,401,"33,380,000.00","2,922.43","35,412.27",45.0,https://i.ibb.co/Q6cZYSs/Virat-Kohli.png,"Virat Kohli (Hindustani: [ʋɪˈraːʈ ˈkoːɦliː] (listen); born 5 November 1988) is an Indian cricketer and the current captain of the India national team. A right-handed top-order batsman, Kohli is regarded as one of the best contemporary batsmen in the world.   He plays for Delhi in domestic cricket and for Royal Challengers Bangalore in the Indian Premier League (IPL) as captain of the franchise since 2013.",0.5269582909460834,0.7634791454730416,1,"Gurugram, Delhi, India",28.4646,77.0299
